{
  "run_stage.py": 1776329517.269727,
  "app.py": 1776426179.7049935,
  "run_pipeline.py": 1775801043.7371264,
  "scripts/graphify_maintenance.py": 1776574441.8260481,
  "src/bt5151_credit_risk/run_status.py": 1776323262.8547819,
  "src/bt5151_credit_risk/skill_prompts.py": 1775553974.8522327,
  "src/bt5151_credit_risk/__init__.py": 1775539290.3307154,
  "src/bt5151_credit_risk/profile.py": 1775556148.0581117,
  "src/bt5151_credit_risk/preprocess.py": 1776414093.277202,
  "src/bt5151_credit_risk/ui_trace.py": 1776427626.4687116,
  "src/bt5151_credit_risk/llm.py": 1776192449.2748058,
  "src/bt5151_credit_risk/cache.py": 1776416393.124816,
  "src/bt5151_credit_risk/eda.py": 1776324529.2865667,
  "src/bt5151_credit_risk/evaluate.py": 1776322634.7308905,
  "src/bt5151_credit_risk/train.py": 1776250220.1066248,
  "src/bt5151_credit_risk/shortcut_audit.py": 1776315921.3640342,
  "src/bt5151_credit_risk/trace_events.py": 1776323001.1708238,
  "src/bt5151_credit_risk/hypotheses.py": 1776316002.012021,
  "src/bt5151_credit_risk/graph.py": 1776425845.645051,
  "src/bt5151_credit_risk/xai.py": 1776250210.4119623,
  "src/bt5151_credit_risk/business.py": 1776244283.6102736,
  "src/bt5151_credit_risk/state.py": 1776323006.750827,
  "src/bt5151_credit_risk/config.py": 1776424333.8653405,
  "src/bt5151_credit_risk/feature_engineering.py": 1776424375.7813046,
  "CLAUDE.md": 1776562814.9160192,
  "AGENTS.md": 1776562814.9160192,
  "skills/select-model.md": 1775539290.3307154,
  "skills/reason-hyperparameter-grid.md": 1776135356.2563052,
  "skills/run-inference.md": 1775715778.629866,
  "skills/reason-model-selection.md": 1775800948.374128,
  "skills/generate-preprocessing-code.md": 1776253005.1662457,
  "skills/audit-preprocessing.md": 1776219520.653132,
  "skills/evaluate-models.md": 1775715783.6755128,
  "skills/column-transform-spec.md": 1776271723.785115,
  "skills/explain-risk.md": 1776412863.2054126,
  "skills/interpret-local-xai.md": 1776224223.4656801,
  "skills/train-models.md": 1775715789.892549,
  "skills/execute-preprocessing.md": 1775542893.7701924,
  "skills/dataset-policy-spec.md": 1776179398.6869469,
  "skills/interpret-global-xai.md": 1776316038.8120148,
  "skills/generate-eda-hypotheses.md": 1776186705.7742677,
  "skills/repair-preprocessing-code.md": 1776247154.1253579,
  "skills/repair-feature-engineering-code.md": 1776415893.2328968,
  "skills/generate-feature-engineering-code.md": 1776415881.900899,
  "skills/recommend-action.md": 1776397112.2278895,
  "skills/generate-training-diagnostics.md": 1776129481.0510075,
  "docs/architecture/graphify-ingestion-policy.md": 1776562789.2025955,
  "docs/architecture/current-state.md": 1776424427.6693087,
  "docs/decisions/0001-semantic-role-contract.md": 1776178021.2513046
}